Store No.,Name,Latitude,Longitude,Address,Street,City,State,Zip_Code,County,Phone,Fax,Open Hours,URL,Provider,Updated Date,Country,Status,Direction URL,Stock Ticker,Photo Reference,Allergy Region
QFY,Quest Diagnostics - Anniston,33.6557816,-85.8248606,"901 Leighton Avenue Ste 302, Anniston, AL, 36207",901 Leighton Avenue Ste 302,Anniston,AL,36207,Calhoun,256-238-1279,256-238-1280,m-th 8:00 am-12:00 pm & 1:00 pm-4:00 pm|f 8:00 am-12:00 pm,https://appointment.questdiagnostics.com/patient/findlocation,Quest Diagnostics,2021-05-03,USA,Open,"https://www.google.com/maps/dir/Current+Location/901+Leighton+Avenue+Ste+302,+Anniston,+AL,+36207,+USA/",DGX:NYSE,ATtYBwLu-fTmwQ9eBhiEfYToh4Bos40YVAXspv9zARc7b9fTWIFdZA2OWWi05nEkIZfySGGHWPe-jAcHWofOi_FgfMvXrLtLkrETldrXRGYpqMGF81WbjRt4BiuPntgEMLHPsHGRHnj4TN4f2kOnVGfG9Rl90IX6LcX32kati0vtQ2voeYRx,6
HNX,Quest Diagnostics - Brookwood Medical Plaza,33.465822,-86.776614,"513 Brookwood Blvd Suite 506 Brookwood Medical Plaza, Birmingham, AL, 35209",513 Brookwood Blvd Suite 506 Brookwood Medical Plaza,Birmingham,AL,35209,Jefferson,205-870-8736,205-414-9954,m-th 8:00 am-5:00 pm|f 8:00 am-3:00 pm,https://appointment.questdiagnostics.com/patient/findlocation,Quest Diagnostics,2021-05-03,USA,Open,"https://www.google.com/maps/dir/Current+Location/513+Brookwood+Blvd+Suite+506+Brookwood+Medical+Plaza,+Birmingham,+AL,+35209,+USA/",DGX:NYSE,ATtYBwKY02znwDN8PjizzrQAKarhCVZWtcIq8-37m144udcDeCrMzU3xn5rmvWe1uCZDHSEYGpn_HLreGcfGHGAnJRbYhgEbK-APXd3yPSYEFnvfKjbK-b0wBH1B8l38kJ3UWPzJDM0sPmJ5-JRZ9pr2A3Gg8JYrw2TpQouNSuVZ0FihXHqL,6
NV,Quest Diagnostics - Decatur,34.590994,-86.969318,"1501 7th St Se, Decatur, AL, 35601",1501 7th St Se,Decatur,AL,35601,Morgan,256-580-3274,256-350-3042,m-th 8:00 am-12:00 pm & 1:00 pm-4:30 pm|f 8:00 am-12:00 pm,https://appointment.questdiagnostics.com/patient/findlocation,Quest Diagnostics,2021-05-03,USA,Open,"https://www.google.com/maps/dir/Current+Location/1501+7th+St+Se,+Decatur,+AL,+35601,+USA/",DGX:NYSE,ATtYBwKrdEh9p4Md7qdzJgXoWaYVu4WerIVrx9o5q8gr7x8iCW2Nj3-l8g1OvAz79bf6X4PgOqvny3l4-YxVq5-VcS0QLV9G7F05ZGO_oPynl6SDMiNUnJAb_Ags7B_wbBX1rig1v68JuVIU8L-3_toeasaIZMuUkhoBnBfmydp-wAfUfpSD,6
QZI,Quest Diagnostics - Foley,30.423878,-87.681872,"1506 N Mckenzie St Ste 106, Foley, AL, 36535",1506 N Mckenzie St Ste 106,Foley,AL,36535,Baldwin,251-952-5050,251-952-5060,m-th 7:00 am-12:00 pm & 1:00 pm-4:00 pm|f 7:00 am-12:00 pm,https://appointment.questdiagnostics.com/patient/findlocation,Quest Diagnostics,2021-05-03,USA,Open,"https://www.google.com/maps/dir/Current+Location/1506+N+Mckenzie+St+Ste+106,+Foley,+AL,+36535,+USA/",DGX:NYSE,ATtYBwI8idR6e38yMW0jqtFbOxp-sr5TyB6krJDSchG1bupDI67rIKnbrtUipQlEVUWKMgcefvv81i9zOoEqKNU1CCjcEiaiwv0OznRAZQNPPEQBzZdV_Hag5sIUPGfNwrGP9bbwkLGLgTd_oK3ivS-4zuDJplMyAYrfqdBp90JGEuVUZPyg,6
UJ4,Quest Diagnostics - Gadsden,34.0053309,-86.0053446,"601 S 4th St Ste A, Gadsden, AL, 35901",601 S 4th St Ste A,Gadsden,AL,35901,Etowah,256-546-4300,256-546-4395,m-th 6:30 am-12:00 pm & 12:30 pm-3:00 pm|f 6:30 am-12:00 pm,https://appointment.questdiagnostics.com/patient/findlocation,Quest Diagnostics,2021-05-03,USA,Open,"https://www.google.com/maps/dir/Current+Location/601+S+4th+St+Ste+A,+Gadsden,+AL,+35901,+USA/",DGX:NYSE,ATtYBwLrWD8NGPvcFq1J9mPa5SMxmG0TzHvu5R4iHcEF76ulyNlw240MqiIfMyb1aK_g_NtFFBwSJ1ZobiZqOhpJT1SRsNNifOSoRRu6KAvrePgwU9pOXlkXa-P9Ruz0K4hDyol9E3ko7TFJkIAT1XIV7j0gHxc3dVNU-pWtfjeBkR_ocAQV,6
QKF,Quest Diagnostics - Huntsville Crestwood,34.6934563,-86.5742672,"250 Chateau Drive Suite 120, Huntsville, AL, 35801",250 Chateau Drive Suite 120,Huntsville,AL,35801,Madison,256-650-8147,256-650-8148,Monday-Friday 7:30 am-4:30 pm,https://appointment.questdiagnostics.com/patient/findlocation,Quest Diagnostics,2021-05-03,USA,Open,"https://www.google.com/maps/dir/Current+Location/250+Chateau+Drive+Suite+120,+Huntsville,+AL,+35801,+USA/",DGX:NYSE,ATtYBwJGcASjZ6aJoqpf8y4KiwpcSPxY7_yM2zJD-CAMTTZa9up9WeGrhVZDRc4IOurgIkOOmIYkBlsgUUJVAgJt-hUxi4ILSgKuKTYfui-Z5O-Wd5VRArS44Yt5qX2dfS8XvPeUvwclsa7JQAI8mnWgs3MJmSyKEsGRMuYv5jQ0bWGm4KHd,6
D6A,Quest Diagnostics - Inside Walmart #332 In Huntsville,34.7467647,-86.6763528,"6140a University Dr Nw, Huntsville, AL, 35806",6140a University Dr Nw,Huntsville,AL,35806,Madison,256-217-4819,256-722-7997,Monday-Friday 7:00 am-4:00 pm|sa 7:00 am-12:00 pm,https://appointment.questdiagnostics.com/patient/findlocation,Quest Diagnostics,2021-05-03,USA,Open,"https://www.google.com/maps/dir/Current+Location/6140a+University+Dr+Nw,+Huntsville,+AL,+35806,+USA/",DGX:NYSE,,6
D6B,Quest Diagnostics - Inside Walmart #4407 In Montgomery,32.3546687,-86.1349495,"10710 Chantilly Pkwy, Montgomery, AL, 36117",10710 Chantilly Pkwy,Montgomery,AL,36117,Montgomery,334-230-7085,334-272-7789,Monday-Friday 7:00 am-4:00 pm|sa 7:00 am-12:00 pm,https://appointment.questdiagnostics.com/patient/findlocation,Quest Diagnostics,2021-05-03,USA,Open,"https://www.google.com/maps/dir/Current+Location/10710+Chantilly+Pkwy,+Montgomery,+AL,+36117,+USA/",DGX:NYSE,,6
HJ7,Quest Diagnostics - Mobile,30.6834888,-88.1706723,"124 South University Blvd, Mobile, AL, 36608",124 South University Blvd,Mobile,AL,36608,Mobile,251-344-3028,251-344-3067,Monday-Friday 7:30 am-12:00 pm & 1:00 pm-4:30 pm,https://appointment.questdiagnostics.com/patient/findlocation,Quest Diagnostics,2021-05-03,USA,Open,"https://www.google.com/maps/dir/Current+Location/124+South+University+Blvd,+Mobile,+AL,+36608,+USA/",DGX:NYSE,ATtYBwJCM1m9TrTrCXrmHLWO2aWLP0U-rQzdcpZws0iCEBCWrFLLNmCYO4kiDR7s7DKjJ2-aWSq1_1uFtNniXWoT1MvlUOglv2hY9QdOWtife6oMm_FvQZkIUMwP-2XX9IjbPKwjHEbtkqugcCWpoTAVy9uIPoHbeombJRkVVN80bjtnrl_x,6
YCI,Quest Diagnostics - Princeton ,33.4988303,-86.8480569,"833 Princeton Av Sw Suite 105q, Birmingham, AL, 35211",833 Princeton Av Sw Suite 105q,Birmingham,AL,35211,Jefferson,205-781-4042,205-781-7079,Monday-Friday 8:00 am-1:00 pm & 1:30 pm-4:30 pm,https://appointment.questdiagnostics.com/patient/findlocation,Quest Diagnostics,2021-05-03,USA,Open,"https://www.google.com/maps/dir/Current+Location/833+Princeton+Av+Sw+Suite+105q,+Birmingham,+AL,+35211,+USA/",DGX:NYSE,ATtYBwL6_WSX0MHhFW2hsZTLuHlBzE9L7lqHgy0NVyzJ0ZGQqP2zEhmid67UCz0Vdh0kQNa93gYOfb6kkstHv-X1_P52_3qhwDWITYiXhaT6QtbVP9ok15FcM3qOOQhbsLwgvawG8dIYyjbdPHFPAt3aucVBvRv3pFnDBBlaLNQpRkrHxxWA,6
N7C,Quest Diagnostics - Shelby,33.2538277,-86.8128562,"1010 1st St N Ste 200, Alabaster, AL, 35007",1010 1st St N Ste 200,Alabaster,AL,35007,Shelby,205-940-1548,205-664-4223,Monday-Friday 7:30 am-12:30 pm & 1:00 pm-4:30 pm,https://appointment.questdiagnostics.com/patient/findlocation,Quest Diagnostics,2021-05-03,USA,Open,"https://www.google.com/maps/dir/Current+Location/1010+1st+St+N+Ste+200,+Alabaster,+AL,+35007,+USA/",DGX:NYSE,,6
BS3,Quest Diagnostics - Tuscaloosa,33.2323436,-87.5366643,"300 Towncenter Blvd Ste D, Tuscaloosa, AL, 35406",300 Towncenter Blvd Ste D,Tuscaloosa,AL,35406,Tuscaloosa,205-752-2112,205-752-2353,m-th 7:00 am-12:00 pm & 1:00 pm-4:00 pm|f 7:00 am-1:00 pm,https://appointment.questdiagnostics.com/patient/findlocation,Quest Diagnostics,2021-05-03,USA,Open,"https://www.google.com/maps/dir/Current+Location/300+Towncenter+Blvd+Ste+D,+Tuscaloosa,+AL,+35406,+USA/",DGX:NYSE,ATtYBwKu8j0BG7bM9YqQ1Q3rm9VsKaJ2QOxoN-GGu_HtmRkaVEzrOfR0ValqHJuJHmW4zO3v1WHfuIUQAY2B_kfcXvSS9O2agDAE8Z3kBYw9v0k6H7nCglfz4uANDOnKwtKMIky9ro3gelHYb1YRy3BOD705kdeLsQf7pnIHS3Y-ApnWqmU,6
KJ2,Quest Diagnostics - Albany,31.587354,-84.156528,"711 N Jefferson St Ste B, Albany, GA, 31701",711 N Jefferson St Ste B,Albany,GA,31701,Dougherty,229-364-1679,229-434-9059,Monday-Friday 7:30 am-1:00 pm & 2:00 pm-4:30 pm,https://appointment.questdiagnostics.com/patient/findlocation,Quest Diagnostics,2021-05-03,USA,Open,"https://www.google.com/maps/dir/Current+Location/711+N+Jefferson+St+Ste+B,+Albany,+GA,+31701,+USA/",DGX:NYSE,ATtYBwKXDVRysrYOi1lmGYrbD4PuApGMSBMjUsrt369Jt0mOtVGZHB-hlQHzWL0rBJJ4GUIu4Yh22l5QLNekRqcAUtDq4lBsk0jlkQ0x7Fa8nsD0kvXZ6pYuw_xwecF2ZocWm5NReo7chxn4yBx4HcY99_rxkVMldUXYkF8_rwWqGmvB2qDU,3
AN,Quest Diagnostics - Athens,33.968933,-83.414101,"1000 Hawthorne Ave Ste Q, Athens, GA, 30606",1000 Hawthorne Ave Ste Q,Athens,GA,30606,Clarke,706-548-8215,706-548-8236,"m,t,th 8:00 am-12:00 pm & 1:00 pm-5:00 pm|w 8:00 am-12:00 pm & 1:00 pm-4:00 pm|f 8:00 am-1:00 pm",https://appointment.questdiagnostics.com/patient/findlocation,Quest Diagnostics,2021-05-03,USA,Open,"https://www.google.com/maps/dir/Current+Location/1000+Hawthorne+Ave+Ste+Q,+Athens,+GA,+30606,+USA/",DGX:NYSE,ATtYBwK3RAQ2IGehHm-QGncXOZPHXcVDPBaYxDT2gx1YeBR-Byy_J__Rz_Qg-t16gCKor2AeNL0t-8RzZiZLPh2Sb0T23YOXAglLcGgXwh3fdoC4Ed3qBrd7w8p2j_0XaxUaHR9LjaTagYYdfj9fRGi-KpPoT8k-WIsN7RnB2HokkqxIZnxI,3
AU,Quest Diagnostics - Austell,33.861158,-84.602294,"3825 Medical Park Dr Ste 101, Austell, GA, 30106",3825 Medical Park Dr Ste 101,Austell,GA,30106,Cobb,678-398-1996,678-398-1998,Monday-Friday 7:30 am-4:30 pm,https://appointment.questdiagnostics.com/patient/findlocation,Quest Diagnostics,2021-05-03,USA,Open,"https://www.google.com/maps/dir/Current+Location/3825+Medical+Park+Dr+Ste+101,+Austell,+GA,+30106,+USA/",DGX:NYSE,ATtYBwIAaSRIbdFI7CAeI6OKjijp9GnkGlq9B4SEcHwGdtSfuzvJEyDOZthZhnLUmpFGUcbp4oP2okhcRa4Y9TOvZdwGFBRBj4UhDWGAQcv3ucXL-xXB314GDCP5REYQOw94ATS5B4WLJ420hDC5aIBvFjGP2DM1_tyTeTo1QzWwFpzbq6bX,3
CNN,Quest Diagnostics - Canton ,34.247955,-84.488983,"120 Oakside Court Suite F, Canton, GA, 30114",120 Oakside Court Suite F,Canton,GA,30114,Cherokee,678-493-9403,678-880-3289,m-th 8:00 am-6:00 pm|f 8:00 am-5:00 pm,https://appointment.questdiagnostics.com/patient/findlocation,Quest Diagnostics,2021-05-03,USA,Open,"https://www.google.com/maps/dir/Current+Location/120+Oakside+Court+Suite+F,+Canton,+GA,+30114,+USA/",DGX:NYSE,ATtYBwJ1NR5UQ08Wt7iC2V7F9erDp47LW1QKhMHUnYeMcIjkyYplVdFpzScRBOjMdT96wIP8EAdIEQx5UpLOmg-V7GgTCDSwwMgG96_QxMY2FfC6mg1SUpxVEgeSUUXZuYOcwF1i7R4zj6ksGUgGtMADgCLAkMKW5kKcDU_K8qZySYwgsh-M,3
QBN,Quest Diagnostics - Cumming,34.1847387,-84.1317911,"1634 Market Place Blvd, Cumming, GA, 30041",1634 Market Place Blvd,Cumming,GA,30041,Forsyth,470-506-5609,770-889-0451,Monday-Friday 8:00 am-5:00 pm,https://appointment.questdiagnostics.com/patient/findlocation,Quest Diagnostics,2021-05-03,USA,Open,"https://www.google.com/maps/dir/Current+Location/1634+Market+Place+Blvd,+Cumming,+GA,+30041,+USA/",DGX:NYSE,ATtYBwKdjOOLKI_kvtTrFm9r__qZx4CbtZ9hs0wp_EVxg1hKsgXmXmaqwhf7xVS1qNHBtXoSD2nuTFAaolkiKVz8a7Gn-TqthsiYMWbbs5c8IsaZMe7rLpKco4nHW3hwedQZYBxvlGGcQnz_P6oXnfr3WzYwiOVYaAcm7yhisYf7wJ1PsKK9,3
J3I,Quest Diagnostics - Decatur,33.7904261,-84.279958,"497 Winn Way Ste 115, Decatur, GA, 30030",497 Winn Way Ste 115,Decatur,GA,30030,DeKalb,404-499-0044,404-499-0444,Monday-Friday 7:30 am-4:00 pm,https://appointment.questdiagnostics.com/patient/findlocation,Quest Diagnostics,2021-05-03,USA,Open,"https://www.google.com/maps/dir/Current+Location/497+Winn+Way+Ste+115,+Decatur,+GA,+30030,+USA/",DGX:NYSE,ATtYBwJYh0gV9vakmDAdG8e-d0B274L1z56zD91ezkAVU9tUtOXg8M96Rp0m_BQ_M4rDEAmUktontfFeR9Bh0xClnudvIUqiTzdJfr0_wLepnSAcnHnzK2yrtAXlEg_rKORy7swnR3AdPuT7hoz4xWBUSPe-oC33OhBj9UMuPirEJVqVePla,3
CC3,Quest Diagnostics - Demorest,34.5831779,-83.535929,"676 Us 441 Business, Demorest, GA, 30535",676 Us 441 Business,Demorest,GA,30535,Habersham,706-968-6288,706-754-8683,Monday-Friday 7:00 am-12:30 pm & 1:00 pm-3:30 pm,https://appointment.questdiagnostics.com/patient/findlocation,Quest Diagnostics,2021-05-03,USA,Open,"https://www.google.com/maps/dir/Current+Location/676+Us+441+Business,+Demorest,+GA,+30535,+USA/",DGX:NYSE,ATtYBwKldvDNxEQ6Uj9f0-8NVa1zVsyHXJuUl-uCdQsa-Gq8D6XEwy7J1o8NA1KokzTzx8-PKZ8MHSrafHW9k50nb4MoKfmO9d8Xz4Ze4-C5bql8pDoBIiVq9UBguYkzwQiockLHVIEdFNutnOQCdAyDQc56EUY4lJxLLLavJ4Oc6n4gLLIz,3
JJ9,Quest Diagnostics - Douglas,31.5147936,-82.8766172,"1309 Ocilla Highway Suite B, Douglas, GA, 31533",1309 Ocilla Highway Suite B,Douglas,GA,31533,Coffee,912-493-4522,912-384-1019,m-th 7:30 am-4:30 pm|f 7:30 am-2:30 pm,https://appointment.questdiagnostics.com/patient/findlocation,Quest Diagnostics,2021-05-03,USA,Open,"https://www.google.com/maps/dir/Current+Location/1309+Ocilla+Highway+Suite+B,+Douglas,+GA,+31533,+USA/",DGX:NYSE,ATtYBwKeu_btV0VDNjX07PAIyEnQHahepMl66TP8uz7obrCdebpTtINvQ_sH3apMRVYSXXInWQ-RI7vykF_eIIuP9KXML1Y3EjlFIP3W8t_Oomkyfv_sqJ6Mb5mVxpANr03ZjL0vcb5lcusY2i17QxDYXDE-k3AdFHOgzHA0jwqAaDzIFl2a,3
FD,Quest Diagnostics - East Point,33.6814101,-84.4260129,"1136 Cleveland Ave Ste 303 S Fulton Med Arts Ctr, Atlanta, GA, 30344",1136 Cleveland Ave Ste 303 S Fulton Med Arts Ctr,Atlanta,GA,30344,Fulton,404-768-1316,404-768-1318,m-th 8:30 am-5:00 pm|f 8:30 am-1:30 pm,https://appointment.questdiagnostics.com/patient/findlocation,Quest Diagnostics,2021-05-03,USA,Open,"https://www.google.com/maps/dir/Current+Location/1136+Cleveland+Ave+Ste+303+S+Fulton+Med+Arts+Ctr,+Atlanta,+GA,+30344,+USA/",DGX:NYSE,ATtYBwJr5MJWFtvTtE6Osj3rqgSestxXAjN2BfYr9U3OojgtoBRcR9pSFpDL2023pqruvIiEv46cJ5bvk6_SV78vJbDZDjCL6aQK4x4Ys8KyADmgwzc79hB5xLyHh1J_p_JSw1WGeojZBR6SwoFwqkPT4L6kPLkBIxMffflWUNfiYRnLWzYu,3
A5W,Quest Diagnostics - Eatonton,33.4240594,-83.2685383,"117 Harmony Crossing Ste 2, Eatonton, GA, 31024",117 Harmony Crossing Ste 2,Eatonton,GA,31024,Putnam,762-220-0830,762-220-1777,Monday-Friday 8:00 am-12:30 pm & 1:30 pm-5:00 pm,https://appointment.questdiagnostics.com/patient/findlocation,Quest Diagnostics,2021-05-03,USA,Open,"https://www.google.com/maps/dir/Current+Location/117+Harmony+Crossing+Ste+2,+Eatonton,+GA,+31024,+USA/",DGX:NYSE,,3
R1M,Quest Diagnostics - Fayetteville Yorktown,33.4495037,-84.4778831,"101 Yorktown Dr Ste 202, Fayetteville, GA, 30214",101 Yorktown Dr Ste 202,Fayetteville,GA,30214,Fayette,770-719-2000,770-719-2200,Monday-Friday 7:00 am-1:00 pm & 2:00 pm-4:00 pm,https://appointment.questdiagnostics.com/patient/findlocation,Quest Diagnostics,2021-05-03,USA,Open,"https://www.google.com/maps/dir/Current+Location/101+Yorktown+Dr+Ste+202,+Fayetteville,+GA,+30214,+USA/",DGX:NYSE,ATtYBwJHMFbNnHbS9UnNs_1iSNhvmifP757SZrBIzJX03hd2p8dR5Db8L4RRLwqDrhe0qGIEJRY7YJlp167ifLL8uJDlpOQ2VxDB0u6-12nq-u-9PYjR1S5dazQu-04xVl-cistyreBMTUVVvM2ylAqdFRHP12ztq8yGWXN4B-U8QiwOZ1nS,3
GFN,Quest Diagnostics - Griffin,33.2444261,-84.2640896,"120b West College Street, Griffin, GA, 30224",120b West College Street,Griffin,GA,30224,Spalding,470-765-9716,770-412-7364,Monday-Friday 8:00 am-4:00 pm,https://appointment.questdiagnostics.com/patient/findlocation,Quest Diagnostics,2021-05-03,USA,Open,"https://www.google.com/maps/dir/Current+Location/120b+West+College+Street,+Griffin,+GA,+30224,+USA/",DGX:NYSE,ATtYBwLdpqhXl1im5TyunqtNvZSWBz_DgSNC3RWYAvCk98q_r3tRqTO9jzJf-H-2YOsyM-pTMkwjPxZvlxfQDlJcwQvOV-RmMQaM5s0UVgnuzaM4DlhRVv6Ads1uh2kAL1oy6digcOflZx--WOMBMady8hb9Jci3MatB9zRCUiaZ_oE4UKWD,3
H6O,Quest Diagnostics - Inside Evans Walmart Supercenter,33.5459158,-82.1422362,"4469 Washington Rd, Evans, GA, 30809",4469 Washington Rd,Evans,GA,30809,Columbia,706-303-1749,706-863-6877,Monday-Friday 7:00 am-12:00 pm & 1:00 pm-4:00 pm|sa 7:00 am-11:00 am & 11:30 am-2:00 pm,https://appointment.questdiagnostics.com/patient/findlocation,Quest Diagnostics,2021-05-03,USA,Open,"https://www.google.com/maps/dir/Current+Location/4469+Washington+Rd,+Evans,+GA,+30809,+USA/",DGX:NYSE,ATtYBwLJ8z2Qcbxwc3sdd11OwyniodGPCw_XYIEnSauid1RV0t6UgxxKwE4mr_qL86y6X2LC9d4gMzI6-gMrVPfCV477YwhqRlFLZo-dtqlwkrnbaKXP47i5jM_h0mhDGhL5ME5S0q_-uTYy7ot_vHAcZStn6fRTYeSQ00wux9PPNmw-ym5h,3
D6D,Quest Diagnostics - Inside Walmart #1311 In Columbus,32.5409966,-84.9468386,"5448 Whittlesey Blvd Ste B, Columbus, GA, 31909",5448 Whittlesey Blvd Ste B,Columbus,GA,31909,Muscogee,706-249-9777,706-576-5756,Monday-Friday 7:00 am-1:00 pm & 2:00 pm-4:00 pm|sa 7:00 am-2:00 pm,https://appointment.questdiagnostics.com/patient/findlocation,Quest Diagnostics,2021-05-03,USA,Open,"https://www.google.com/maps/dir/Current+Location/5448+Whittlesey+Blvd+Ste+B,+Columbus,+GA,+31909,+USA/",DGX:NYSE,,99
D6E,Quest Diagnostics - Inside Walmart Store #605 In Savannah,32.0593342,-81.1042318,"1955 E Montgomery Crossroad, Savannah, GA, 31406",1955 E Montgomery Crossroad,Savannah,GA,31406,Chatham,912-226-4439,912-355-3868,Monday-Friday 7:00 am-4:00 pm|sa 7:00 am-2:00 pm,https://appointment.questdiagnostics.com/patient/findlocation,Quest Diagnostics,2021-05-03,USA,Open,"https://www.google.com/maps/dir/Current+Location/1955+E+Montgomery+Crossroad,+Savannah,+GA,+31406,+USA/",DGX:NYSE,,3
D6C,Quest Diagnostics - Inside Walmart Store Brunswick,31.2129066,-81.4853932,"150 Altama Connector, Brunswick, GA, 31525",150 Altama Connector,Brunswick,GA,31525,Glynn,912-342-4200,912-554-2220,Monday-Friday 7:00 am-4:00 pm|sa 7:00 am-2:00 pm,https://appointment.questdiagnostics.com/patient/findlocation,Quest Diagnostics,2021-05-03,USA,Open,"https://www.google.com/maps/dir/Current+Location/150+Altama+Connector,+Brunswick,+GA,+31525,+USA/",DGX:NYSE,ATtYBwJgCX272GgbL4BIdAxLEHKe_X9EOVtiqah6L0vGC1BDIwusl2bpBocCi1YgCVuuBDMpcmdaWczSiSEk6176pRfvWuP03XTMLsqOBU8mHwl5DEGVqFZLkqUFSDMsG05KatcZ_CyTXIvxYNeIJBnK22hTo4oiJ6Q-v5qY0o0HVZWQ_bGv,99
FPZ,Quest Diagnostics - Johns Creek,34.0689924,-84.1632116,"3925 Johns Creek Ct Ste B, Suwanee, GA, 30024",3925 Johns Creek Ct Ste B,Suwanee,GA,30024,Gwinnett,470-345-8199,770-497-0485,Monday-Friday 8:00 am-12:30 pm & 1:00 pm-4:30 pm,https://appointment.questdiagnostics.com/patient/findlocation,Quest Diagnostics,2021-05-03,USA,Open,"https://www.google.com/maps/dir/Current+Location/3925+Johns+Creek+Ct+Ste+B,+Suwanee,+GA,+30024,+USA/",DGX:NYSE,ATtYBwK39UoX8shZK8aVAmiYHK0akkee2L1zE9PD3s3qm4M4ndyr0m-G3m9w_PUgAQP-qHQQCBLw_QMTqG_WAz-gIQtFZqXG5Fn0xk2UWQOaAL2ekf2QoQSmQMu6uhRfVg6gs-iTlONX_-oEZhP_1er1njO7EDYwueiBZCK0at5y_KAyfazG,3
LJ4,Quest Diagnostics - Kingsland,30.761349,-81.5370234,"102 Lakeshore Dr Ste C, Saint Marys, GA, 31558",102 Lakeshore Dr Ste C,Saint Marys,GA,31558,Camden,912-729-6852,912-729-4506,Monday-Friday 7:00 am-4:00 pm,https://appointment.questdiagnostics.com/patient/findlocation,Quest Diagnostics,2021-05-03,USA,Open,"https://www.google.com/maps/dir/Current+Location/102+Lakeshore+Dr+Ste+C,+Saint+Marys,+GA,+31558,+USA/",DGX:NYSE,ATtYBwJ6H5CXrmTn8ApHjAdRLStfj9EKdJiJ8T9RuVm6s25nJ7uL93kLs-i0TZO6kabi3hsCu-4T-8q93857vGjrUW8A9Ed9ZAB1A1EyhfdozrmzKrXkALmxRVQ1pSzkTatBxhND7URW2kBLTxtUu4h9FYF34uoDwUkE3-H4XO4vakQLgfkb,3
GMB,Quest Diagnostics - Lawrenceville,33.9651134,-84.0121981,"575 Professional Dr Ste 270, Lawrenceville, GA, 30046",575 Professional Dr Ste 270,Lawrenceville,GA,30046,Gwinnett,470-403-6095,770-513-8590,Monday-Friday 7:30 am-5:00 pm,https://appointment.questdiagnostics.com/patient/findlocation,Quest Diagnostics,2021-05-03,USA,Open,"https://www.google.com/maps/dir/Current+Location/575+Professional+Dr+Ste+270,+Lawrenceville,+GA,+30046,+USA/",DGX:NYSE,ATtYBwJhLf8LwQ3Oz6pbda_O5Hr6bSGgaKN_epG2vCqXPstonmBvUrthc9iiU3SvqvCpXeQAjpJQ8XrHTolzWzOBBoOyieutYInraDzCGWgY3rRxMqL5ur0abFZaJjzHW8cRd8BBqLV2ng_A0dtjE4SH-yCVd2eX-3Y9Jddyq8PkvD5ZFQwK,3
E6P,Quest Diagnostics - Lawrenceville Inside Walmart Store,33.9364832,-84.0250038,"1400 Lawrenceville Hwy, Lawrenceville, GA, 30044",1400 Lawrenceville Hwy,Lawrenceville,GA,30044,Gwinnett,770-545-6059,770-277-2747,Monday-Friday 7:00 am-11:00 am & 11:30 am-4:00 pm|sa 7:00 am-2:00 pm,https://appointment.questdiagnostics.com/patient/findlocation,Quest Diagnostics,2021-05-03,USA,Open,"https://www.google.com/maps/dir/Current+Location/1400+Lawrenceville+Hwy,+Lawrenceville,+GA,+30044,+USA/",DGX:NYSE,,3
XZU,Quest Diagnostics - Loganville ,33.8312349,-83.8728413,"4743 Atlanta Hwy Ste 110, Loganville, GA, 30052",4743 Atlanta Hwy Ste 110,Loganville,GA,30052,Walton,770-680-9553,678-264-6158,Monday-Friday 8:00 am-4:00 pm,https://appointment.questdiagnostics.com/patient/findlocation,Quest Diagnostics,2021-05-03,USA,Open,"https://www.google.com/maps/dir/Current+Location/4743+Atlanta+Hwy+Ste+110,+Loganville,+GA,+30052,+USA/",DGX:NYSE,ATtYBwIRdcrpPpPwDg_1Zui6j7sUWQftb-J0v4cgsAehTyoIq3mbTykqMq4_4esAfYFBzxm-MagZuiAo70SleABEW61o5ASpesUqlLe8DNvoVP8XuBWRavMiJEkFBeUWIM_ryIe355oF6U_9h-cTe8HkSGZl8K2k-0FfoLDRA5fUfgv3SU0a,3
MG,Quest Diagnostics - Macon,32.906686,-83.693933,"4100 Riverside Dr Ste 140, Macon, GA, 31210",4100 Riverside Dr Ste 140,Macon,GA,31210,Bibb,478-342-2628,478-477-2842,m-th 8:00 am-1:00 pm & 2:00 pm-4:00 pm|f 8:00 am-12:00 pm,https://appointment.questdiagnostics.com/patient/findlocation,Quest Diagnostics,2021-05-03,USA,Open,"https://www.google.com/maps/dir/Current+Location/4100+Riverside+Dr+Ste+140,+Macon,+GA,+31210,+USA/",DGX:NYSE,ATtYBwLzIXdRA9i9z43krY785tMMnQo7z2hZkbDfoTiEDpg3HjDTRU0CyqGTnIajwHcXHCwJFLnZuV9yZX16zYJGMPtDblIQEt8JJiDx95mK4IyFNnBI53bzXZglbJGDp34Ky0e_egSEgE0isPmyWDxYI4et3tTxWoxh5-BsI9U8k4OOF7h8,3
WZ,Quest Diagnostics - Marietta,33.970591,-84.550288,"790 Church St Nw Ste 200, Marietta, GA, 30060",790 Church St Nw Ste 200,Marietta,GA,30060,Cobb,770-590-1303,770-590-7460,Monday-Friday 7:30 am-5:00 pm,https://appointment.questdiagnostics.com/patient/findlocation,Quest Diagnostics,2021-05-03,USA,Open,"https://www.google.com/maps/dir/Current+Location/790+Church+St+Nw+Ste+200,+Marietta,+GA,+30060,+USA/",DGX:NYSE,ATtYBwLdsxsGeJAlZcQotKI2nSbgZIUqOQMHEuDauuSfNEr-7XN7hSKuFlFsbGSkoGBDeDzQD9--B_9vgiV6Ih8MFXXlnZjtOd8XRu_dH_KohOT5ZHIS_C0asTF_whhOp5iUlOuwT72pV8K-LVxl12Chu2LSE6S65oyXqka1Hvig_532X96Z,3
J4T,Quest Diagnostics - Midtown Peachtree Street,33.7684926,-84.3861174,"550 Peachtree St Ne Ste 1775, Atlanta, GA, 30308",550 Peachtree St Ne Ste 1775,Atlanta,GA,30308,Fulton,404-524-4649,404-524-4689,Monday-Friday 8:00 am-4:30 pm,https://appointment.questdiagnostics.com/patient/findlocation,Quest Diagnostics,2021-05-03,USA,Open,"https://www.google.com/maps/dir/Current+Location/550+Peachtree+St+Ne+Ste+1775,+Atlanta,+GA,+30308,+USA/",DGX:NYSE,ATtYBwLSzUDOu5-ACTOaJBvHKP_OWxL85x2XbmXY0KUmu1g7BG2Pq3oY6Yv6gBESA6cPrPwp_EdPiys7p8oSHTHCxd8jM9KdS73ik38qoCVeUCJx_pjsxbPSjGtNmsTjHGdPDcUi264-W_XRWCWztVnnrO02BjQ1eBc0NmviVqdxNJ2rIWg3,3
IK1,Quest Diagnostics - Northpoint Alpharetta,34.0753636,-84.2605716,"3055 N Point Pkwy Ste 300, Alpharetta, GA, 30005",3055 N Point Pkwy Ste 300,Alpharetta,GA,30005,Fulton,470-367-4762,770-521-9789,Monday-Friday 7:30 am-5:00 pm,https://appointment.questdiagnostics.com/patient/findlocation,Quest Diagnostics,2021-05-03,USA,Open,"https://www.google.com/maps/dir/Current+Location/3055+N+Point+Pkwy+Ste+300,+Alpharetta,+GA,+30005,+USA/",DGX:NYSE,ATtYBwKbZ-mxFleJhvnkLT4ZA43E4MuArgM8c13_7EgtP8NCKUUMyoAueqvHenfU4_AqRk63u4ffUSta8gXG22UBt7dVJMBN1W9py0-tiUG0bYa2LKCIaS6RVfJiVeG1A7kL6EwwxfbNfDR4v-fJdT11TKB0sAPr6qcHj555FsW61sRb5XTO,3
RU,Quest Diagnostics - Riverdale ,33.576698,-84.388702,"83 Upper Riverdale Rd Sw Ste 120, Riverdale, GA, 30274",83 Upper Riverdale Rd Sw Ste 120,Riverdale,GA,30274,Clayton,770-991-2032,770-996-3198,Monday-Friday 7:00 am-1:00 pm & 2:00 pm-4:00 pm,https://appointment.questdiagnostics.com/patient/findlocation,Quest Diagnostics,2021-05-03,USA,Open,"https://www.google.com/maps/dir/Current+Location/83+Upper+Riverdale+Rd+Sw+Ste+120,+Riverdale,+GA,+30274,+USA/",DGX:NYSE,ATtYBwLnfB1OXHpqNQi7ZrH3PcTzvdx3f5gcxBROkePXMG0pHDb52o5YzaWFZwskENoIg7wZoy9WipNzkGUX1DWljW02l559DHcY0Wan_m6iTL0opg9gxJT_L68pAJima5VFghw6I-HxrjRu4F90T8Rw4lmXoY_TNBBSKqWZUIdHCwOWLVmF,3
FQC,Quest Diagnostics - Rome ,34.24519114,-85.16571522,"15 Riverbend Drive Suite 110, Rome, GA, 30161",15 Riverbend Drive Suite 110,Rome,GA,30161,Floyd,706-331-7915,706-234-1095,Monday-Friday 8:00 am-5:00 pm,https://appointment.questdiagnostics.com/patient/findlocation,Quest Diagnostics,2021-05-03,USA,Open,"https://www.google.com/maps/dir/Current+Location/15+Riverbend+Drive+Suite+110,+Rome,+GA,+30161,+USA/",DGX:NYSE,ATtYBwJRUZ7Wo3IrOojHJXuH-mOlYdCwawFszSvWVG4qC0po5w2k5-nm8woFo9SazveWqXw7z79y3Gd5Z7pul8gud93tEtNh47DwGkm0zezTaINnfW1X4VnD1JlcunfMIQPAgJ86t9keCAAuKhNIhtFqrAKym4aJ68rKzq4E2xnvT81okq8G,3
GSN,Quest Diagnostics - Snellville,33.8823946,-84.0110697,"1630 Scenic Hwy N Ste 17, Snellville, GA, 30078",1630 Scenic Hwy N Ste 17,Snellville,GA,30078,Gwinnett,470-484-0094,770-978-7978,Monday-Friday 7:30 am-4:30 pm,https://appointment.questdiagnostics.com/patient/findlocation,Quest Diagnostics,2021-05-03,USA,Open,"https://www.google.com/maps/dir/Current+Location/1630+Scenic+Hwy+N+Ste+17,+Snellville,+GA,+30078,+USA/",DGX:NYSE,ATtYBwKondFCvAPeajFU9Z1Syn2xfDxA6WHcvJEl5HdXZe3XdUiKmuKQOTugONrR2NXeUDWE8rdIGV1hOJrBq3gRNtHw5tJT-Uhoq6Ytgi_SsKDgpWpW-vYu_P3eJ4CEGcAw1YAa3RQ2VZZWU0YHg_gM8zLla7hwg9XjMipimog175BgE_hA,3
FPU,Quest Diagnostics - St. Joseph ,33.9103244,-84.3503519,"5673 Peachtree Dunwoody Rd Ste 745, Atlanta, GA, 30342",5673 Peachtree Dunwoody Rd Ste 745,Atlanta,GA,30342,Fulton,404-257-5576,404-252-4240,Monday-Friday 8:00 am-5:00 pm,https://appointment.questdiagnostics.com/patient/findlocation,Quest Diagnostics,2021-05-03,USA,Open,"https://www.google.com/maps/dir/Current+Location/5673+Peachtree+Dunwoody+Rd+Ste+745,+Atlanta,+GA,+30342,+USA/",DGX:NYSE,ATtYBwIHqzvXhY4acut004iD85EU-K_ZVe_NLFVk5682xG5Xgt_qJzjxmyDIX6TmSW3hqG0L2xSS7KjopkALuiddbai2ifJ2AFXfsgYCMDpDtU43W6H_yBfkfN-6_NcH-eGWJRJGoCAwfD23fT7Bowio3dWM5OLD3oZCmDbSwebaEehqTOO8,3
LJ2,Quest Diagnostics - Statesboro,32.408994,-81.7653909,"1601 Fair Rd Ste 1100, Statesboro, GA, 30458",1601 Fair Rd Ste 1100,Statesboro,GA,30458,Bulloch,912-871-4221,912-871-4222,m-th 7:30 am-4:30 pm|f 7:30 am-12:30 pm,https://appointment.questdiagnostics.com/patient/findlocation,Quest Diagnostics,2021-05-03,USA,Open,"https://www.google.com/maps/dir/Current+Location/1601+Fair+Rd+Ste+1100,+Statesboro,+GA,+30458,+USA/",DGX:NYSE,ATtYBwKOkHesCcT6jKLWo5FFoI0EGQvJv3rcr8-olj20QhJdzoayjaTpV1nNK5VEdDRf_G-c2D5xGc90JKtemjs_jN4e3AMXhngrvg5SCR3I-mh0OfhiPuSvc5GwopQDI5sl_p7ivNVLfwMVqLl-nz1thwDub8j7803G-er1gzBvyyJWVb0,3
C7F,Quest Diagnostics - Stockbridge,33.507687,-84.2213339,"285 Country Club Drive Ste 200, Stockbridge, GA, 30281",285 Country Club Drive Ste 200,Stockbridge,GA,30281,Henry,470-408-4083,770-474-4450,Monday-Friday 7:00 am-4:00 pm,https://appointment.questdiagnostics.com/patient/findlocation,Quest Diagnostics,2021-05-03,USA,Open,"https://www.google.com/maps/dir/Current+Location/285+Country+Club+Drive+Ste+200,+Stockbridge,+GA,+30281,+USA/",DGX:NYSE,ATtYBwJcvcpEc-ec380NTsnceFAYEQ2C7B424EIC2bLSjAKmz8Csg0NiPVHrgbXiIcveFD0hybtFx0JBIpWrb5rbL9bL6YAQUCxYdG9HwuUdhQn-S0eduE47zJO7Pxzs4ju4wNaZU0rNNE4b6oqem3ci1zgv0i8nolQqA-YsR0XHLtKci2Tp,3
ZGQ,Quest Diagnostics - Valdosta,30.8704116,-83.2837456,"341 Northside Dr, Valdosta, GA, 31602",341 Northside Dr,Valdosta,GA,31602,Lowndes,229-300-9219,229-333-0208,Monday-Friday 7:00 am-12:30 pm & 1:30 pm-4:00 pm,https://appointment.questdiagnostics.com/patient/findlocation,Quest Diagnostics,2021-05-03,USA,Open,"https://www.google.com/maps/dir/Current+Location/341+Northside+Dr,+Valdosta,+GA,+31602,+USA/",DGX:NYSE,ATtYBwJ7Kx8G-Zz0iJtR_6PkoB--PcQCkWbm38L2frY5FZT3Xh5aVqZ_1dsawY41d6Szce9ykSFIaYT5dRxzVP-PUbJ8acBfUpiW6FYfXhZkpQYmMhBJT-V5v4CfY9SK2rruEwAeBNvA5eVYteAVBg37awEx_H3ZECnDwBxvRZNS7S__wMrh,3
LJ5,Quest Diagnostics - Vidalia,32.2021172,-82.3915507,"512 Maple Dr, Vidalia, GA, 30474",512 Maple Dr,Vidalia,GA,30474,Toombs,912-537-9831,912-537-9832,m-th 7:30 am-12:30 pm & 1:30 pm-4:30 pm|f 7:30 am-12:30 pm,https://appointment.questdiagnostics.com/patient/findlocation,Quest Diagnostics,2021-05-03,USA,Open,"https://www.google.com/maps/dir/Current+Location/512+Maple+Dr,+Vidalia,+GA,+30474,+USA/",DGX:NYSE,ATtYBwK5cud-NsM3OYOOOIZ6iCvcfXNeQ2zpx3BZxauusTbex1PAQn9D5PB3bxCMtrzHyTXBoISNh5mzPnkPYwsCWftWAd1EH4A5jVmswgzDGzy45wB8ZuLLo8h9jhoopa3o-atCtSOSpd-FL64bM2dThlE0-5Q_D7Uvk5BdIANIOhseJFo,3
XJ7,Quest Diagnostics - Asheville,35.5803012,-82.5505707,"417 Biltmore Ave Ste 4c, Asheville, NC, 28801",417 Biltmore Ave Ste 4c,Asheville,NC,28801,Buncombe,828-259-0684,828-350-1577,Monday-Friday 8:30 am-5:00 pm,https://appointment.questdiagnostics.com/patient/findlocation,Quest Diagnostics,2021-05-03,USA,Open,"https://www.google.com/maps/dir/Current+Location/417+Biltmore+Ave+Ste+4c,+Asheville,+NC,+28801,+USA/",DGX:NYSE,ATtYBwJgU0V9Re95DGuq2oGlOsMvc4d3iYPYVXNU_NyTFPIS-xqpSxD8k0FWUElA_KmWn3vrgpKHZhLrykMHrRYyaagF_bWjEc_-mVvinDX11wl-lHagWpfs7w9QDiiw5tvc1qAYPfFrLgEqgQ0R3beHqCHxUJZ8Hy7uT-1lNFXFQUkvwkVY,2
IYG,Quest Diagnostics - Benson Area Medical,35.4196629,-78.5366753,"3333 Nc Highway 242 N Ste B, Benson, NC, 27504",3333 Nc Highway 242 N Ste B,Benson,NC,27504,Johnston,919-207-1321,919-207-1101,Monday-Friday 8:00 am-5:00 pm|sa 8:00 am-12:00 pm,https://appointment.questdiagnostics.com/patient/findlocation,Quest Diagnostics,2021-05-03,USA,Open,"https://www.google.com/maps/dir/Current+Location/3333+Nc+Highway+242+N+Ste+B,+Benson,+NC,+27504,+USA/",DGX:NYSE,ATtYBwLHX6XE5xKjiCfkJoKEVS_-vIzYWFY8Ip4Xia9IqURJu2VGNgC97Gq-Rhs6d0pYF3T-jMQ0uy7gw3TjZMUqwZzJ8-uWARqjQ0erwazD-luXBZsqhL4qvb0_0dvTTPsUtfG6SfLstpwDVkR79q_4vb74rK9aopgjkc12S5yzBLE99Jtj,2
MB6,Quest Diagnostics - Carmel Commons,35.0848915,-80.8480124,"11111 Carmel Commons Blvd Ste 220, Charlotte, NC, 28226",11111 Carmel Commons Blvd Ste 220,Charlotte,NC,28226,Mecklenburg,980-297-1515,704-544-7778,Monday-Friday 8:00 am-12:00 pm & 1:00 pm-5:00 pm,https://appointment.questdiagnostics.com/patient/findlocation,Quest Diagnostics,2021-05-03,USA,Open,"https://www.google.com/maps/dir/Current+Location/11111+Carmel+Commons+Blvd+Ste+220,+Charlotte,+NC,+28226,+USA/",DGX:NYSE,ATtYBwLEen-P8m75IVZmrdTS3DDeFyATRzZEWPx3AnNVJssj4B1TFuoD2yljMxqtoB1CasZdlSnhmc5yme_5MwV-WVI-_WNCLHgKQMExhj4ad67zTG02vVu5zlmrQYtu6pVKCi-KXk4Vbe17sJ3uvrmUVUR67XGftjiUMGXlZLCuCGK0Bqad,2
YXX,Quest Diagnostics - Cary Internal Medicine ,35.75724,-78.780608,"103 Baines Court, Cary, NC, 27511",103 Baines Court,Cary,NC,27511,Wake,919-481-1151,919-481-2631,Monday-Friday 8:00 am-5:00 pm,https://appointment.questdiagnostics.com/patient/findlocation,Quest Diagnostics,2021-05-03,USA,Open,"https://www.google.com/maps/dir/Current+Location/103+Baines+Court,+Cary,+NC,+27511,+USA/",DGX:NYSE,ATtYBwK7e-e61X8C5tEzVZOqgim1Jq5VhFfaIAIfVWKdxmQWmInJ9MgqLBQ8_bGHIGOhAd20SdIr_xD_dnymaw06kz3USIE4brMnmFf7Qg0uQncc0VFzkJff5_QjlJDt_9QeZq7I-vhB11JIn8rjS4FqXbOlsmXkHqq1bpmdCxI4_gnpmbwq,2
UJ9,Quest Diagnostics - Charlotte Midtown Medical Plaza ,35.209707,-80.824964,"1918 Randolph Rd Ste 140, Charlotte, NC, 28207",1918 Randolph Rd Ste 140,Charlotte,NC,28207,Mecklenburg,704-343-5671,704-375-2658,Monday-Friday 8:00 am-1:00 pm & 2:00 pm-4:00 pm,https://appointment.questdiagnostics.com/patient/findlocation,Quest Diagnostics,2021-05-03,USA,Open,"https://www.google.com/maps/dir/Current+Location/1918+Randolph+Rd+Ste+140,+Charlotte,+NC,+28207,+USA/",DGX:NYSE,ATtYBwLT3RQh0u2F3a-nvT0M9V7n8HZz_FRM-VvmauY00aDbyMerwjQiCv5P-sfehFMRaly3_SW8ZyxFUwn2uvBVKSyvfHgOcbFtBKJQ56C5RbYjlP3K6fw6LwG70XhndAnUZ0srSZYWcjCEuOSiJwzAp5CozQcV9UmBmn8F07pKgxGwn6Xe,2
CDM,Quest Diagnostics - Charlotte Randolph,35.189449,-80.809323,"3541 Randolph Rd Ste 110, Charlotte, NC, 28211",3541 Randolph Rd Ste 110,Charlotte,NC,28211,Mecklenburg,704-366-9558,704-366-5171,Monday-Friday 8:00 am-5:00 pm,https://appointment.questdiagnostics.com/patient/findlocation,Quest Diagnostics,2021-05-03,USA,Open,"https://www.google.com/maps/dir/Current+Location/3541+Randolph+Rd+Ste+110,+Charlotte,+NC,+28211,+USA/",DGX:NYSE,ATtYBwKoHASOyEE_WJcftcUg4yJ32apS1iDXU1rA5k0xKseIEI4W6LjTtWXbWJgwl__mtMWrhHm2Bgq7jsQ5nPueojqqEfZu1RkJE_zHdutfyzIeVhjN7YbxApJbfO86aeRwujeS3-HUm_RVqg00qNwZu55b2pND3_9xHO8lBmGlUhaNffkw,2
WJ3,Quest Diagnostics - Church,36.0886497,-79.7839012,"1002 N Church St Ste 405, Greensboro, NC, 27401",1002 N Church St Ste 405,Greensboro,NC,27401,Guilford,336-333-2225,336-333-0035,Monday-Friday 7:00 am-5:00 pm,https://appointment.questdiagnostics.com/patient/findlocation,Quest Diagnostics,2021-05-03,USA,Open,"https://www.google.com/maps/dir/Current+Location/1002+N+Church+St+Ste+405,+Greensboro,+NC,+27401,+USA/",DGX:NYSE,,2
J7O,Quest Diagnostics - Fayetteville 405 Owen Drive,35.0386349,-78.9329345,"405 Owen Dr 2nd Floor, Fayetteville, NC, 28304",405 Owen Dr 2nd Floor,Fayetteville,NC,28304,Cumberland,910-354-2320,910-486-1634,Monday-Friday 7:00 am-4:30 pm,https://appointment.questdiagnostics.com/patient/findlocation,Quest Diagnostics,2021-05-03,USA,Open,"https://www.google.com/maps/dir/Current+Location/405+Owen+Dr+2nd+Floor,+Fayetteville,+NC,+28304,+USA/",DGX:NYSE,,2
YJ7,Quest Diagnostics - Goldsboro Nc,35.3979914,-77.959874,"2400 Wayne Memorial Dr Suite D, Goldsboro, NC, 27534",2400 Wayne Memorial Dr Suite D,Goldsboro,NC,27534,Wayne,919-735-5440,919-735-5524,m-th 7:00 am-12:00 pm & 1:00 pm-3:00 pm|f 8:00 am-12:00 pm,https://appointment.questdiagnostics.com/patient/findlocation,Quest Diagnostics,2021-05-03,USA,Open,"https://www.google.com/maps/dir/Current+Location/2400+Wayne+Memorial+Dr+Suite+D,+Goldsboro,+NC,+27534,+USA/",DGX:NYSE,ATtYBwJW32BNF-hudpPyJAizNkZ3SNFAUhnWxoKn3LFOTGL8_abYAX6I7XOOCi5Mp_Z1U6jjl_sLpM4f7euwbfzIngBfcvAukLrlzJghrVKWRz-A9eE-vECsHAqV_HBnI-RqNU0rrlfwLYJ0m0JqVg-3a9uNr4IW8WIBoU66MHZ_BeXpK3Fx,2
VJ6,Quest Diagnostics - Greenville Emerald Place ,35.6001483,-77.4076127,"2459 Emerald Pl Suite 106, Greenville, NC, 27834",2459 Emerald Pl Suite 106,Greenville,NC,27834,Pitt,252-695-6178,252-695-6183,Monday-Friday 8:30 am-12:30 pm & 1:30 pm-5:00 pm,https://appointment.questdiagnostics.com/patient/findlocation,Quest Diagnostics,2021-05-03,USA,Open,"https://www.google.com/maps/dir/Current+Location/2459+Emerald+Pl+Suite+106,+Greenville,+NC,+27834,+USA/",DGX:NYSE,ATtYBwKPgCfYuy0meo3jwQ0RRVUBjd_p4zNng97T10Xb3VnZ33cGmsb6KMtnvcq_Uq7XPCqSYobPpjt2NmjiQUtPWzCLep-ZfNDGDa-2zBO1Wk_aAC1mbWojy-d7vNvMok5cQXbmkh9c8OhDJzvrnNH2T5DohBOqGmo-Shq3N4wB1OzABpa3,2
RCR,Quest Diagnostics - Henderson,36.333981,-78.446747,"381 Ruin Creek Rd, Henderson, NC, 27536",381 Ruin Creek Rd,Henderson,NC,27536,Vance,252-438-2261,252-438-8746,m-th 8:00 am-7:00 pm|f-su 8:00 am-5:00 pm,https://appointment.questdiagnostics.com/patient/findlocation,Quest Diagnostics,2021-05-03,USA,Open,"https://www.google.com/maps/dir/Current+Location/381+Ruin+Creek+Rd,+Henderson,+NC,+27536,+USA/",DGX:NYSE,ATtYBwKBvB83fqwDI-JnB05x23DV2N2U8yx28Og0CKtZo96E52jfNJlszT5ddL5dJ-lDq-Cf0IIZ-Pg9BlOHxNZmDk7Pi-XSxxroM-xLppnk6G3JcILq45pKhwXEGo4Z0-6WnZOhzK2ia_9Ht6yk3fwEkgR3iZkFTj5vC6HT7nMrDrnZiSoC,2
VJ7,Quest Diagnostics - Hickory,35.7306896,-81.309437,"1781 Tate Blvd South East Suite 206, Hickory, NC, 28602",1781 Tate Blvd South East Suite 206,Hickory,NC,28602,Catawba,828-304-1232,828-304-1149,m-th 8:00 am-12:00 pm & 1:00 pm-5:00 pm|f 8:00 am-11:00 am & 1:00 pm-3:00 pm,https://appointment.questdiagnostics.com/patient/findlocation,Quest Diagnostics,2021-05-03,USA,Open,"https://www.google.com/maps/dir/Current+Location/1781+Tate+Blvd+South+East+Suite+206,+Hickory,+NC,+28602,+USA/",DGX:NYSE,ATtYBwL_ljpfhpHIsT5sZ4_1LauABVtjOxwesrKv7pVmcwvplR7Ku2T1kiPCg0WdHSXz07B0Ztymi23DX6x1RD6soLFAAIUEcJPessICx0cMmpzWD1-SnRSTNpSfM9dBP7AsVY7NHmjjd-A91DQ4LISK7elA01N6HkO-xMY6H3f6WnRKScRn,2
A8W,Quest Diagnostics - High Point Lindsay Street,35.9660014,-80.0156322,"1011 N Lindsay Street, High Point, NC, 27262",1011 N Lindsay Street,High Point,NC,27262,Guilford,743-201-0627,336-886-0076,Monday-Friday 7:30 am-1:00 pm & 2:00 pm-4:30 pm,https://appointment.questdiagnostics.com/patient/findlocation,Quest Diagnostics,2021-05-03,USA,Open,"https://www.google.com/maps/dir/Current+Location/1011+N+Lindsay+Street,+High+Point,+NC,+27262,+USA/",DGX:NYSE,ATtYBwKkEoDua588GqHykMmg3tvbL6pr9x1Yq6xXdppAMqDpf4IoSTkfJ5uD52j0iYBqg1gm6lYSy845zjM95J5WYFVlHeqdGNJ7PKL0oIYd7cgQkC9q0mfF5969hQ9hwKex3mToaWH3vmjqmZ0cLuhlBMiaLtjBEWvE4DrLM1Q2MaJr-r18,2
F6A,Quest Diagnostics - Inside Raleigh Walmart #4484 - All Urine Drug Screens By Appointment Only,35.8700193,-78.565046,"8000 Town Dr, Raleigh, NC, 27616",8000 Town Dr,Raleigh,NC,27616,Wake,919-772-2853,919-790-1233,Monday-Friday 7:00 am-12:30 pm & 1:30 pm-4:00 pm|sa 7:00 am-11:30 am & 12:00 pm-2:00 pm,https://appointment.questdiagnostics.com/patient/findlocation,Quest Diagnostics,2021-05-03,USA,Open,"https://www.google.com/maps/dir/Current+Location/8000+Town+Dr,+Raleigh,+NC,+27616,+USA/",DGX:NYSE,,99
AK1,Quest Diagnostics - Kernersville ,36.0814752,-80.0638831,"1635 Nc Highway 66 S Ste 135, Kernersville, NC, 27284",1635 Nc Highway 66 S Ste 135,Kernersville,NC,27284,Forsyth,336-996-2775,336-996-5952,Monday-Friday 7:00 am-5:00 pm,https://appointment.questdiagnostics.com/patient/findlocation,Quest Diagnostics,2021-05-03,USA,Open,"https://www.google.com/maps/dir/Current+Location/1635+Nc+Highway+66+S+Ste+135,+Kernersville,+NC,+27284,+USA/",DGX:NYSE,ATtYBwKwUh2mZOvkHmnajF8mgtV9F8jQgGZFmQbUdsSSzdTDrtAsVgadBAuJkTyPNxab61amRJXGrZAXWg2Ck9DSL732PmM7agzyA7GuBC8SbJ_DrSCR7_yNj1Y8Pe_TM4L9e4f4TuFdEgL5pfbVu89iAIGjuX6DqjhJLEC__LATHC1HPk6M,2
AK3,Quest Diagnostics - Raleigh New Bern,35.7879131,-78.5898861,"3031 New Bern Ave Suite 300, Raleigh, NC, 27610",3031 New Bern Ave Suite 300,Raleigh,NC,27610,Wake,919-250-0358,919-231-0453,m-th 8:00 am-12:30 pm & 1:30 pm-5:00 pm|f 8:00 am-12:00 pm,https://appointment.questdiagnostics.com/patient/findlocation,Quest Diagnostics,2021-05-03,USA,Open,"https://www.google.com/maps/dir/Current+Location/3031+New+Bern+Ave+Suite+300,+Raleigh,+NC,+27610,+USA/",DGX:NYSE,ATtYBwKOpBBvLeX5gJH7bOY2XMtfglIdW_bkhl3RCYI3A0hRirAu9dH1wSbhOHZrQMHmkqYwpxykuc-jBoQndCGmn6FIKPZIl5tJdeUBIpf9VLDKyZYlmwi8h5w1jPQtPD1u8G7AQLb8DzaFFr5C8t9fZGG97-Bj3FqOm6IwhNaa37NcrhlQ,2
YJ4,Quest Diagnostics - Reidsville South Main ,36.353356,-79.665873,"621 S Main St Suite 202, Reidsville, NC, 27320",621 S Main St Suite 202,Reidsville,NC,27320,Rockingham,336-342-0217,336-342-0247,Monday-Friday 7:00 am-5:00 pm,https://appointment.questdiagnostics.com/patient/findlocation,Quest Diagnostics,2021-05-03,USA,Open,"https://www.google.com/maps/dir/Current+Location/621+S+Main+St+Suite+202,+Reidsville,+NC,+27320,+USA/",DGX:NYSE,ATtYBwLVHa-oz8ajiDeLVKYB_rjg0fZZ30GoaYTP64-jNifjq4rjvxiuPG068PZUcLGxGPZfZLKBgnaF2q86l6y3qpC_v1T-Ctm9tTxoSzNVH2EADMHvfD9lsTqpSHKofpJzcMkrzjmY78E7saZaqyI4WTpP0vi9Q0iPejc7EXlXn4f48aO3,2
DU1,Quest Diagnostics - Salisbury,35.6818003,-80.472582,"611 Mocksville Ave Suite 201, Salisbury, NC, 28144",611 Mocksville Ave Suite 201,Salisbury,NC,28144,Rowan,704-633-7100,704-633-7771,m-th 7:00 am-5:00 pm|f 7:00 am-3:00 pm,https://appointment.questdiagnostics.com/patient/findlocation,Quest Diagnostics,2021-05-03,USA,Open,"https://www.google.com/maps/dir/Current+Location/611+Mocksville+Ave+Suite+201,+Salisbury,+NC,+28144,+USA/",DGX:NYSE,ATtYBwLUgJJlu12hrQXggNiAYwIv127qtlcbxAWfk_X3SMGFH5_22vGQHcuNDGh-pEkvO7Yh8go8rKKy8Lu_kyIFCoVcqEr66spRRv1n6rop5uGYdCTYAh6PW3s9W1raf_CjKxZahxujA7FGT5ttTIsYb49bg3tCeGIHz5UZ7UF8j2zORn2M,2
FL2,Quest Diagnostics - Wilmington,34.2073383,-77.9254952,"2032 S 17th St Suite 103 First Floor, Wilmington, NC, 28401",2032 S 17th St Suite 103 First Floor,Wilmington,NC,28401,New Hanover,910-251-8095,910-251-8793,Monday-Friday 7:00 am-11:30 am & 12:30 pm-3:00 pm,https://appointment.questdiagnostics.com/patient/findlocation,Quest Diagnostics,2021-05-03,USA,Open,"https://www.google.com/maps/dir/Current+Location/2032+S+17th+St+Suite+103+First+Floor,+Wilmington,+NC,+28401,+USA/",DGX:NYSE,ATtYBwLiwDb7wYiPF8y7FEp6lxarbIMGE4apNRXGVKEiuquSP3JidGdJgzW7T5KvUvj8VfxZv5HlJ1qNI2JtmlhYkGDX2uIs5Sn4lzURilHqaQm0cy2BKtLHwM4wNO5ZBVXin5CpqzJ1X0EZckVVrw4PEyrtSMqXRxg4_KOD48eLa6H_eA8l,2
AZF,Quest Diagnostics - Winston Salem,36.083551,-80.304048,"200 Charlois Blvd Suite 420, Winston Salem, NC, 27103",200 Charlois Blvd Suite 420,Winston Salem,NC,27103,Forsyth,336-774-1110,336-774-1151,Monday-Friday 8:00 am-12:30 pm & 1:30 pm-4:00 pm,https://appointment.questdiagnostics.com/patient/findlocation,Quest Diagnostics,2021-05-03,USA,Open,"https://www.google.com/maps/dir/Current+Location/200+Charlois+Blvd+Suite+420,+Winston+Salem,+NC,+27103,+USA/",DGX:NYSE,ATtYBwLHJP6KhzhVKF-6scU_l-WtIdgiNTJ418ZQ60HH57QbDLdtBNjacD4bs6Q7L0D4exHMI4YtjfjalbeAkVrwqGwmr9yVXwSwAX-XfO5O1QE38AgH3C6YkreNRQC-GxoE2wprJRk-MTbpBN6yprexQ-TUXCFkOuOX-RW0Qn_z6eOEf_q8,2
HF7,Quest Diagnostics - Aiken Uma ,33.5148596,-81.7247631,"934 Dougherty Road Suite B, Aiken, SC, 29803",934 Dougherty Road Suite B,Aiken,SC,29803,Aiken,803-644-4383,803-226-9018,Monday-Friday 8:00 am-1:00 pm & 2:00 pm-4:30 pm,https://appointment.questdiagnostics.com/patient/findlocation,Quest Diagnostics,2021-05-03,USA,Open,"https://www.google.com/maps/dir/Current+Location/934+Dougherty+Road+Suite+B,+Aiken,+SC,+29803,+USA/",DGX:NYSE,ATtYBwJ5PVHACFSwGku7JgFCcGJyrS3yJJoqexOfaX4H_iQwgUGFkqFfWzuaJTsWD8p-QqSKXGeURMk6Ynf-khdYFtwfBYqq5J9KjTkVgME05uA8lysr7nHdwXwS1Libhye8nSl4kkRp4KGAfH1ztK2GEslXLWcbTVrmACysR66Iapc9CUPb,3
BFN,Quest Diagnostics - Bluffton ,32.2645099,-80.8582475,"25 Sherington Dr Suite B, Bluffton, SC, 29910",25 Sherington Dr Suite B,Bluffton,SC,29910,Beaufort,843-258-1103,843-706-2414,Monday-Friday 7:30 am-12:30 pm & 1:30 pm-4:00 pm,https://appointment.questdiagnostics.com/patient/findlocation,Quest Diagnostics,2021-05-03,USA,Open,"https://www.google.com/maps/dir/Current+Location/25+Sherington+Dr+Suite+B,+Bluffton,+SC,+29910,+USA/",DGX:NYSE,ATtYBwIc0Tg2kw4SCiW7QkBoX3rSrnbfgJUdwc-e4Yiw-Jj5RsZfwof0XkQlpub0QX-pqYFNRdbAYCI-g8ejnJ0sYr24Uk4YymYCFqACM78hBDKrpigimofZN7Nps0fa7Xeji-BJsGYQCAgUaT3cScSpjkXl0epr3HDF3JS3rEdXcDU-tN1J,3
BK8,Quest Diagnostics - Conway ,33.7800541,-79.0140165,"660 Singleton Ridge Rd Suite B, Conway, SC, 29528",660 Singleton Ridge Rd Suite B,Conway,SC,29528,Horry,843-428-0059,843-347-4422,"m,t,th 7:30 am-1:00 pm & 1:30 pm-4:30 pm|w,f 7:30 am-1:00 pm",https://appointment.questdiagnostics.com/patient/findlocation,Quest Diagnostics,2021-05-03,USA,Open,"https://www.google.com/maps/dir/Current+Location/660+Singleton+Ridge+Rd+Suite+B,+Conway,+SC,+29528,+USA/",DGX:NYSE,,3
SGE,Quest Diagnostics - Greenville,34.8432544,-82.3114514,"430 Roper Mountain Road Suite H-1, Greenville, SC, 29615",430 Roper Mountain Road Suite H-1,Greenville,SC,29615,Greenville,864-263-4895,864-288-5340,Monday-Friday 8:00 am-12:30 pm & 1:30 pm-4:00 pm,https://appointment.questdiagnostics.com/patient/findlocation,Quest Diagnostics,2021-05-03,USA,Open,"https://www.google.com/maps/dir/Current+Location/430+Roper+Mountain+Road+Suite+H-1,+Greenville,+SC,+29615,+USA/",DGX:NYSE,ATtYBwLlbj5YrJmWU-7CclvHnMz8wZsf6kN_60X5NVob85vvaLwd_Vn_rbWiUQcQPLDThBKtLrx5ckChbWqoAViLg5kdX_aVMdSMkryskB_4TfheD0syhQnHRqgJxgeMHIAsH2PF_xXrtTTrXAA1-gcoFhCNUIjvpefy3SLdk_2hkGlPNNlk,3
W6J,Quest Diagnostics - Hilton Head,32.2199407,-80.7128873,"8 Hospital Center Blvd Ste 140, Hilton Head Island, SC, 29926",8 Hospital Center Blvd Ste 140,Hilton Head Island,SC,29926,Beaufort,843-681-2080,843-681-2085,Monday-Friday 7:30 am-12:30 pm & 1:30 pm-4:00 pm,https://appointment.questdiagnostics.com/patient/findlocation,Quest Diagnostics,2021-05-03,USA,Open,"https://www.google.com/maps/dir/Current+Location/8+Hospital+Center+Blvd+Ste+140,+Hilton+Head+Island,+SC,+29926,+USA/",DGX:NYSE,,3
D6G,Quest Diagnostics - Inside Walmart Store #4506 In Columbia,34.1381087,-80.9661184,"321 Killian Rd, Columbia, SC, 29203",321 Killian Rd,Columbia,SC,29203,Richland,803-369-3230,803-333-9997,Monday-Friday 7:00 am-12:00 pm & 1:00 pm-4:00 pm|sa 7:00 am-11:00 am & 11:30 am-2:00 pm,https://appointment.questdiagnostics.com/patient/findlocation,Quest Diagnostics,2021-05-03,USA,Open,"https://www.google.com/maps/dir/Current+Location/321+Killian+Rd,+Columbia,+SC,+29203,+USA/",DGX:NYSE,,3
I8T,Quest Diagnostics - Irmo,34.08119,-81.1784629,"7182 Woodrow St Ste Tbd, Irmo, SC, 29063",7182 Woodrow St Ste Tbd,Irmo,SC,29063,Richland,803-973-6987,803-732-7076,Monday-Friday 8:00 am-4:30 pm,https://appointment.questdiagnostics.com/patient/findlocation,Quest Diagnostics,2021-05-03,USA,Open,"https://www.google.com/maps/dir/Current+Location/7182+Woodrow+St+Ste+Tbd,+Irmo,+SC,+29063,+USA/",DGX:NYSE,ATtYBwLj85Wn0ZclMk_aZBE056-BHY9mC3bCL7Ka7FeCVgdStLIC7tbu5GDbAJVYlpd8dZNEm7hVWVOq3ot4F-o_6ZSpHHuqCCw655HZFEqvLvy5Y4TutMItaq5xirpdtXmGq2Y8IgCjzLrf0sXcw77IUX44d4Jp6-0eSTx8HYfU2AWjGu9f,3
A9F,Quest Diagnostics - Lancaster,34.7157507,-80.7908401,"901 Meeting Street Ste 103, Lancaster, SC, 29720",901 Meeting Street Ste 103,Lancaster,SC,29720,Lancaster,803-577-1488,803-286-1256,Monday-Friday 8:00 am-12:00 pm & 1:00 pm-5:00 pm,https://appointment.questdiagnostics.com/patient/findlocation,Quest Diagnostics,2021-05-03,USA,Open,"https://www.google.com/maps/dir/Current+Location/901+Meeting+Street+Ste+103,+Lancaster,+SC,+29720,+USA/",DGX:NYSE,ATtYBwKQnKvb9tO2s9RijVgIXgQa_Sca7_8JUdYGlENMJVAgS4fHroCbqcDEW6y28HvlbU-2MTQWQZkPFqoIba7t0A5EqJVMq0oWv8rJYZoQo4fEsQuDcWPJJXY_pnWje5GKBlaldbzGbIn_XU4yedwqkIRLkiknTYSP_gm7Bt3w_8OtP-Ag,3
EOG,Quest Diagnostics - Myrtle Beach,33.7585411,-78.817209,"909 Medical Cir, Myrtle Beach, SC, 29572",909 Medical Cir,Myrtle Beach,SC,29572,Horry,843-449-4897,843-449-4529,m-th 8:00 am-1:00 pm & 2:00 pm-3:00 pm|f 8:00 am-12:00 pm,https://appointment.questdiagnostics.com/patient/findlocation,Quest Diagnostics,2021-05-03,USA,Open,"https://www.google.com/maps/dir/Current+Location/909+Medical+Cir,+Myrtle+Beach,+SC,+29572,+USA/",DGX:NYSE,ATtYBwL2HZgZFfiXx5arI8-xjsTr3sD89FBUnUxiulbsqAR8zx7h9cmzMWUHhZZd5UPhEebeDXztUA1c6hFYGHgdbrZ7gn3A5Zrdg3WeseLPnFRruAOnRpTeerVYMEAVmKAE-RUiItBV6FB7KxzHEG4vDH5PzShkR-LPZEAyVT9xnEmmSU_W,3
EK4,Quest Diagnostics - Rock Hill ,34.9555806,-81.0495341,"200 S Herlong Ave Suite D, Rock Hill, SC, 29732",200 S Herlong Ave Suite D,Rock Hill,SC,29732,York,803-833-7337,803-329-8207,Monday-Friday 7:30 am-4:30 pm,https://appointment.questdiagnostics.com/patient/findlocation,Quest Diagnostics,2021-05-03,USA,Open,"https://www.google.com/maps/dir/Current+Location/200+S+Herlong+Ave+Suite+D,+Rock+Hill,+SC,+29732,+USA/",DGX:NYSE,ATtYBwKZ6PD5mmW6TroJcmKxbtawfdxUnMXNiEUo2M-7BVJfgAk94Os4qBo_sY3UDsRNNaa3sK7ToCixviV5aucyZHLV9Ydj2jvlpVfrsXm8es6lqSYdoBH0eSh8ELMnf8QpTMW1re3r7SjpLH8wSl-1WgqvgRtLAY9s6blZf_ZOOP99TuwS,3
P8G,Quest Diagnostics - Savage Road,32.8066756,-80.0287207,"1941 Savage Dr Ste 100, Charleston, SC, 29407",1941 Savage Dr Ste 100,Charleston,SC,29407,Charleston,843-406-7538,843-763-1605,Monday-Friday 8:00 am-1:00 pm & 2:00 pm-3:30 pm,https://appointment.questdiagnostics.com/patient/findlocation,Quest Diagnostics,2021-05-03,USA,Open,"https://www.google.com/maps/dir/Current+Location/1941+Savage+Dr+Ste+100,+Charleston,+SC,+29407,+USA/",DGX:NYSE,,3
FTZ,Quest Diagnostics - Summerville,32.9725817,-80.170048,"1203 Old Trolley Rd Suite D, Summerville, SC, 29485",1203 Old Trolley Rd Suite D,Summerville,SC,29485,Dorchester,843-873-3336,843-873-9996,Monday-Friday 8:00 am-1:00 pm & 2:00 pm-4:30 pm,https://appointment.questdiagnostics.com/patient/findlocation,Quest Diagnostics,2021-05-03,USA,Open,"https://www.google.com/maps/dir/Current+Location/1203+Old+Trolley+Rd+Suite+D,+Summerville,+SC,+29485,+USA/",DGX:NYSE,ATtYBwJ209m15EzvgYFWSXkoNtQlu4zJa4xemxILM-Cc7vqW_y4-tlP7-Oj6CASm2RWwLrTag4c3PXH6eNdMuBF6U_FVjftKjA45rH4wlVp-AXAPlUmvA7fxPhsoF5LAORO8fuUZX09nm2RDsJtwzR8P9F-ApArxLApQ8UMOYBQbHZfNJaM7,3
O12,Quest Diagnostics - Bristol,36.5900958,-82.2210593,"350 Blountville Hwy Ste 104, Bristol, TN, 37620",350 Blountville Hwy Ste 104,Bristol,TN,37620,Sullivan,423-764-4330,423-274-0137,Monday-Friday 7:00 am-5:00 pm,https://appointment.questdiagnostics.com/patient/findlocation,Quest Diagnostics,2021-05-03,USA,Open,"https://www.google.com/maps/dir/Current+Location/350+Blountville+Hwy+Ste+104,+Bristol,+TN,+37620,+USA/",DGX:NYSE,ATtYBwKX09b5A5TOImpMCPSgedjPL9aQ5E-yExl__ysUTSz-vYh72wePHne3vGeKVwjz_QcdVZfH0imCRhwKbZGi3myGAjIyqmi04ih9EgFjy_qNt0nUvT4VdqU5yu8UOe6swak44jU8VUUOHrPgnwyXUcMb49SX1GPWsEzU8kKMtmZ-rlQ3,5
BD,Quest Diagnostics - Chattanooga,35.046558,-85.277766,"600 N Holtzclaw Ave Ste 210, Chattanooga, TN, 37404",600 N Holtzclaw Ave Ste 210,Chattanooga,TN,37404,Hamilton,423-622-9288,423-622-9289,Monday-Friday 8:30 am-4:30 pm,https://appointment.questdiagnostics.com/patient/findlocation,Quest Diagnostics,2021-05-03,USA,Open,"https://www.google.com/maps/dir/Current+Location/600+N+Holtzclaw+Ave+Ste+210,+Chattanooga,+TN,+37404,+USA/",DGX:NYSE,ATtYBwIZOLxQedoY5kC1x1w-giZEs2_hB3thlKokbzvwxSUB3PNONdeVHSmrz3wnnsV5QiuGmO4_PT_CTjMZuOqxm1Z9HabH1qG7feX8-55ypaHbxQ44IhGOblTmGLJV7GNRxejpCfV5VaklXAePI4pJpWZL6_dLZJ0NakLYEg5MLbH_q2FY,5
YOJ,Quest Diagnostics - Clarksville Gateway,36.57714496,-87.27311611,"751 Chesapeake Ln Ste 103, Clarksville, TN, 37040",751 Chesapeake Ln Ste 103,Clarksville,TN,37040,Montgomery,931-503-8321,931-503-8387,Monday-Friday 7:30 am-4:00 pm,https://appointment.questdiagnostics.com/patient/findlocation,Quest Diagnostics,2021-05-03,USA,Open,"https://www.google.com/maps/dir/Current+Location/751+Chesapeake+Ln+Ste+103,+Clarksville,+TN,+37040,+USA/",DGX:NYSE,ATtYBwJ1BjMlvY20HKqMmAvhwMBrrut_LeITwI-rinOTHjn8_jLI1fEEdZmW2a6Socx0DnJvjvpl13mteibE8RapY62ozNuDKvdICXPJb8N6J-2IOch7gSZNQA156ZqLbeitKKIwAamB9CVoizYSb5XQAZY0GwEd3m5HeDpoFi-79YQBmIRJ,5
FKN,Quest Diagnostics - Franklin,35.951012,-86.81853,"2001 Mallory Ln Coolsprings Professional Suite 102, Franklin, TN, 37067",2001 Mallory Ln Coolsprings Professional Suite 102,Franklin,TN,37067,Williamson,615-771-7460,615-771-7576,Monday-Friday 7:30 am-4:00 pm,https://appointment.questdiagnostics.com/patient/findlocation,Quest Diagnostics,2021-05-03,USA,Open,"https://www.google.com/maps/dir/Current+Location/2001+Mallory+Ln+Coolsprings+Professional+Suite+102,+Franklin,+TN,+37067,+USA/",DGX:NYSE,ATtYBwICP5htqKtAxOt0025Wb0-r-sZFQo1wP58eIR-xM5Gmttl9HKUaZIzz7mUJBrH2TLDcwWpI1-K3G9meiu_gWX1U86ohqGkSJ5GCvL78juBDwhw6ng0MpU6Xj1a6Grs1FbsLoabW4Iy6pCsmO6LoUvLECWvbpqk7-qBQDew0l7U_uts,5
W2W,Quest Diagnostics - Germantown,35.0926471,-89.8040576,"2075 Exeter Rd Ste 40, Germantown, TN, 38138",2075 Exeter Rd Ste 40,Germantown,TN,38138,Shelby,901-755-5656,901-755-5675,Monday-Friday 7:30 am-5:00 pm,https://appointment.questdiagnostics.com/patient/findlocation,Quest Diagnostics,2021-05-03,USA,Open,"https://www.google.com/maps/dir/Current+Location/2075+Exeter+Rd+Ste+40,+Germantown,+TN,+38138,+USA/",DGX:NYSE,ATtYBwIP6kkOqfZhrLsqCw6CJR8dSgy4XVAwHkWLSgOzDWEKvvrXkDiB0fPJM2TWQP4Mr3GlmfXEwy8c1lUnSIM8blWsoMJl4V-89OcWEM8eNyaZDQmP53H12ng62HE9RnjjzosmAXCXs6UJKa1-1N9AAiyWwGZCbKmWMZK3PvCz1lK1AIf_,5
JT,Quest Diagnostics - Johnson City ,36.32706,-82.3934405,"1321 Sunset Dr Ste A21, Johnson City, TN, 37604",1321 Sunset Dr Ste A21,Johnson City,TN,37604,Washington,423-283-9952,423-283-0955,Monday-Friday 7:30 am-12:00 pm & 12:30 pm-3:30 pm,https://appointment.questdiagnostics.com/patient/findlocation,Quest Diagnostics,2021-05-03,USA,Open,"https://www.google.com/maps/dir/Current+Location/1321+Sunset+Dr+Ste+A21,+Johnson+City,+TN,+37604,+USA/",DGX:NYSE,ATtYBwInlhxaYxEwLtActExwTRD3WKbdkxg1h9L4WeVkZGeT0SKY_tUBRff0f0p6ew9hCHcbB7jexhA0IVQSNoHLs3xusEWiXASTM666zCZGZkliOw2VDKX5SWF-AoeiCHMqWW3IstLVvwfxKGi_iFQ15QAmStnBSoP3Hl49o_d63Wk7vAPn,5
S6W,Quest Diagnostics - Knoxville,35.885878,-84.1502697,"11126 Kingston Pike Ste 102, Farragut, TN, 37934",11126 Kingston Pike Ste 102,Farragut,TN,37934,Knox,865-973-7399,865-671-2193,Monday-Friday 7:30 am-4:00 pm,https://appointment.questdiagnostics.com/patient/findlocation,Quest Diagnostics,2021-05-03,USA,Open,"https://www.google.com/maps/dir/Current+Location/11126+Kingston+Pike+Ste+102,+Farragut,+TN,+37934,+USA/",DGX:NYSE,,5
IYT,Quest Diagnostics - Lebanon,36.21249203,-86.33690924,"115 Winwood Dr Suite 209, Lebanon, TN, 37087",115 Winwood Dr Suite 209,Lebanon,TN,37087,Wilson,615-453-2781,615-453-2650,Monday-Friday 7:30 am-3:30 pm,https://appointment.questdiagnostics.com/patient/findlocation,Quest Diagnostics,2021-05-03,USA,Open,"https://www.google.com/maps/dir/Current+Location/115+Winwood+Dr+Suite+209,+Lebanon,+TN,+37087,+USA/",DGX:NYSE,ATtYBwJlYHpBNV55uVzc0yIdcF-LRWM7vG2bDYS8BNoO15Vkxh7Q810SFjmBS7PyWK7hHaSpBCzeUMg-XDIUyaDeRXrZ1Ji9ENxkG0o_s_MhjXLFmuzqHL9W4da_HOlyWwok7lrkeyIX6MxAM6FTvOyR_8K1EG9tMwLs7pqCOVp3H1Sv8nVd,5
TMU,Quest Diagnostics - Murfreesboro,35.855974,-86.429079,"536 N Thompson Lane Ste F, Murfreesboro, TN, 37129",536 N Thompson Lane Ste F,Murfreesboro,TN,37129,Rutherford,615-900-3346,615-900-3476,Monday-Friday 7:30 am-4:00 pm,https://appointment.questdiagnostics.com/patient/findlocation,Quest Diagnostics,2021-05-03,USA,Open,"https://www.google.com/maps/dir/Current+Location/536+N+Thompson+Lane+Ste+F,+Murfreesboro,+TN,+37129,+USA/",DGX:NYSE,ATtYBwKeFTjCnXktz-4yrrraYkMfZgiHqZtIETn8q0u2EcGERDLBsgc4F0QxNVnQ8paK1usuE_beCRvA_5RBFzk7KamR6VUFE-F4J-lECrRqcAbjfPjgmlCgpG0PHsVOlFt4TRbafO-0Eu_LlthGQMywx7py03ffFd3RPQFpjXFuBvhXIAQX,5
NVE,Quest Diagnostics - Patterson,36.1557446,-86.8019911,"1916 Patterson St Ste 103, Nashville, TN, 37203",1916 Patterson St Ste 103,Nashville,TN,37203,Davidson,615-329-1668,615-329-0436,Monday-Friday 8:00 am-4:30 pm,https://appointment.questdiagnostics.com/patient/findlocation,Quest Diagnostics,2021-05-03,USA,Open,"https://www.google.com/maps/dir/Current+Location/1916+Patterson+St+Ste+103,+Nashville,+TN,+37203,+USA/",DGX:NYSE,ATtYBwLroDoM8ajchXFuv4AtX54jZjat4QfKa8famP8Hunom-NfR_o2_cn7Ao_NkTvayBerUfvGDyJa4tBW0oFEwOCN8qtRRbfeTxzvZW2T3TLjA207yESmJqDRgK6s6SQ8D2-Nbmg4C12sqwa1X4__AT1YXf5-YAOedV8qNHB5lZuMzI3EW,5
S6S,Quest Diagnostics - Smyrna,35.9785512,-86.5595538,"739 President Pl Ste 140, Smyrna, TN, 37167",739 President Pl Ste 140,Smyrna,TN,37167,Rutherford,816-702-5725,615-220-2221,Monday-Friday 7:30 am-11:30 am & 12:30 pm-4:30 pm,https://appointment.questdiagnostics.com/patient/findlocation,Quest Diagnostics,2021-05-03,USA,Open,"https://www.google.com/maps/dir/Current+Location/739+President+Pl+Ste+140,+Smyrna,+TN,+37167,+USA/",DGX:NYSE,,5
UU6,Quest Diagnostics - St. Thomas Medical Complex ,36.1295795,-86.8446448,"4230 Harding Road Ste 420, Nashville, TN, 37205",4230 Harding Road Ste 420,Nashville,TN,37205,Davidson,615-879-4794,615-463-8047,m-th 7:30 am-5:30 pm,https://appointment.questdiagnostics.com/patient/findlocation,Quest Diagnostics,2021-05-03,USA,Open,"https://www.google.com/maps/dir/Current+Location/4230+Harding+Road+Ste+420,+Nashville,+TN,+37205,+USA/",DGX:NYSE,ATtYBwIczHq8Km4tnbQhUziBuMUf9oPuiCyEhXO5Ovnl-l5Ors99xToCVLOjYxecuAeKvsxTAlU-Tui1doMBM69qFfdlJZ7CoTwxZpkRE9_bSW89gdnJtMXwaDLkpmZLOOoMfZxAMUnonDGev92xg01Kj8RiZDCPyvJP1pDmIDy8zWxzMV_Q,5
BS5,Quest Diagnostics - Tri Cities ,36.557806,-82.5533171,"105 W Stone Drive Suite 1 H, Kingsport, TN, 37660",105 W Stone Drive Suite 1 H,Kingsport,TN,37660,Sullivan,423-343-4062,423-246-6273,Monday-Friday 7:45 am-5:30 pm,https://appointment.questdiagnostics.com/patient/findlocation,Quest Diagnostics,2021-05-03,USA,Open,"https://www.google.com/maps/dir/Current+Location/105+W+Stone+Drive+Suite+1+H,+Kingsport,+TN,+37660,+USA/",DGX:NYSE,ATtYBwI3cUVJPMORQpZ6fYZmrLkQNEgXZdwusCHxun62uwnl0gg5ghS6cFNQiTU6Fh-ytGMJwYrH53hnGyXca4-IHnFJ6GBJrodVzMa979gDb56lG8CTCTfC9aV_0gJfNDNnJc88nYPZREsjdUq-QLWJqbRZoPqr1V8et6VXvu045FfKjkgs,5